bin_lo,bin_hi,n,accuracy,macro_f1
0.0,70.0,90,0.9888888888888889,0.6511827956989248
70.0,80.0,13,1.0,0.3333333333333333
80.0,90.0,13,0.9230769230769231,0.32
90.0,95.0,6,0.5,0.2222222222222222
95.0,97.5,3,1.0,0.3333333333333333
97.5,100.1,4,1.0,0.3333333333333333
